ID,Variasi
T20260704-98169,Setrika
T20260704-D9EB3,Karpet
T20260704-A5A8F,Karpet
T20260704-3C080,"Cuci Kering, Setrika"
T20260704-BC969,Cuci Lipat
T20260704-22DD0,"Cuci Kering, Setrika"
T20260704-D5D2B,"Bed Cover, Sprei"
T20260704-2CBA3,Setrika
T20260704-E6427,Cuci Lipat
T20260704-65952,Bed Cover
T20260704-F7994,"Cuci Kering, Setrika"
T20260704-7A240,Cuci Lipat
T20260704-CCED0,"Cuci Kering, Setrika"
T20260704-3F40E,Setrika
T20260704-858C1,"Cuci Kering, Setrika"
T20260704-70406,Setrika
T20260704-6462F,"Cuci Kering, Setrika"
T20260704-D813B,"Selimut, Setrika"
T20260704-E7E27,"Cuci Kering, Setrika"
T20260704-E8BBC,Cuci Lipat
T20260704-7025F,"Cuci Kering, Setrika"
T20260704-F70BD,"Bed Cover, Cuci Kering, Setrika, Sprei"
T20260704-ED42D,"Cuci Lipat, Selimut"
T20260704-CE2C9,"Cuci Kering, Setrika"
T20260704-3880C,Karpet
T20260704-4312E,"Cuci Kering, Setrika"
T20260704-76ECD,"Cuci Kering, Setrika"
T20260704-8C588,"Cuci Kering, Setrika"
T20260704-FC975,Karpet
T20260704-DAEC9,Cuci Lipat
T20260704-CC078,"Cuci Kering, Setrika"
T20260704-7C18F,"Cuci Kering, Setrika"
T20260704-CF543,"Cuci Kering, Setrika"
T20260704-69A52,"Cuci Kering, Setrika, Sprei"
T20260704-FE169,"Cuci Kering, Setrika"
T20260704-D9B0A,"Bed Cover, Sprei"
T20260704-A755A,"Cuci Kering, Setrika"
T20260704-21727,"Cuci Kering, Setrika, Sprei"
T20260704-46D81,"Bed Cover, Sprei"
T20260704-1CA3E,"Cuci Kering, Setrika"
T20260704-8C3C3,Karpet
T20260704-93389,"Bed Cover, Cuci Lipat"
T20260704-4E0C1,Setrika
T20260704-98668,"Cuci Kering, Setrika"
T20260704-F5FD0,"Cuci Kering, Setrika"
T20260704-2D24D,Setrika
T20260704-D3EA1,Cuci Lipat
T20260704-25704,Setrika
T20260704-A5196,"Bed Cover, Sprei"
T20260704-4710A,"Cuci Kering, Setrika"
T20260704-5343A,"Bed Cover, Sprei"
T20260704-328AC,"Cuci Kering, Setrika"
T20260704-74DE4,Cuci Lipat
T20260704-079EA,"Cuci Kering, Setrika"
T20260704-CC98A,Setrika
T20260704-066A1,Karpet
T20260704-EB0D0,Setrika
T20260704-1943A,"Cuci Kering, Setrika"
T20260704-119D9,"Cuci Kering, Setrika"
T20260704-29E2C,"Cuci Kering, Setrika, Sprei"
T20260704-928FE,Setrika
T20260704-1AADE,Cuci Lipat
T20260704-96F68,"Cuci Kering, Setrika"
T20260704-EB4EE,Selimut
T20260704-811C2,"Bed Cover, Sprei"
T20260704-F23C5,"Cuci Kering, Setrika"
T20260704-08289,Karpet
T20260704-ABF3B,Karpet
T20260704-C1E35,"Cuci Kering, Setrika"
T20260704-B0779,Karpet
T20260704-98043,"Cuci Kering, Setrika"
T20260704-307AD,Setrika
T20260704-C1B6C,Setrika
T20260704-79BF9,Karpet
T20260704-4E099,Setrika
T20260704-7DD07,Bed Cover
T20260704-433DE,Karpet
T20260704-039EC,"Cuci Kering, Setrika"
T20260704-5F89F,"Cuci Kering, Setrika"
T20260704-E3F88,Karpet
T20260704-D422B,Cuci Lipat
T20260704-8E75B,"Cuci Kering, Setrika"
T20260704-F9879,"Cuci Kering, Setrika"
T20260704-B8ACB,"Cuci Kering, Setrika, Sprei"
T20260704-3655B,Karpet
T20260704-E8708,"Cuci Kering, Setrika"
T20260704-BE95E,"Cuci Kering, Setrika"
T20260704-EBD61,"Cuci Kering, Setrika"
T20260704-B2CAE,Cuci Lipat
T20260704-F2F85,"Bed Cover, Cuci Kering, Setrika"
T20260704-A23C4,"Bed Cover, Setrika"
T20260704-10333,"Cuci Kering, Setrika, Sprei"
T20260704-D5531,Setrika
T20260704-58133,"Cuci Kering, Setrika, Sprei"
T20260704-B99DE,"Cuci Kering, Setrika"
T20260704-AABDA,"Cuci Kering, Setrika"
T20260704-A3722,Cuci Lipat
T20260704-99639,Bed Cover
T20260704-0F678,"Cuci Kering, Setrika"
T20260704-9BA07,Karpet
T20260704-FA554,"Cuci Lipat, Sprei"
T20260704-66BA4,"Cuci Kering, Setrika, Selimut, Sprei"
T20260704-87460,Setrika
T20260704-3BD1B,Bed Cover
T20260704-624A7,Cuci Lipat
T20260704-366C0,"Karpet, Selimut"
T20260704-6367C,Bed Cover
T20260704-5AA13,"Cuci Kering, Setrika"
T20260704-505BB,"Cuci Kering, Setrika"
T20260704-6DDDA,"Cuci Kering, Setrika, Sprei"
T20260704-0CCA3,"Bed Cover, Gordyn, Setrika"
T20260704-9ECDF,"Karpet, Setrika"
T20260704-80EFE,"Cuci Kering, Setrika"
T20260704-04F7F,"Bed Cover, Boneka"
T20260704-55562,"Cuci Kering, Setrika"
T20260704-EEF51,Bed Cover
T20260704-D0930,Setrika
T20260704-73758,"Selimut, Sprei"
T20260704-890C9,"Cuci Kering, Setrika, Sprei"
T20260704-6D6B9,"Bed Cover, Sprei"
T20260704-BA480,"Cuci Kering, Setrika"
T20260704-E33D1,Karpet
T20260704-49C62,"Bed Cover, Sprei"
T20260704-43D53,Setrika
T20260704-6D062,"Cuci Kering, Setrika"
T20260704-17398,Karpet
T20260704-5F473,Sprei
T20260704-F30A2,"Cuci Kering, Setrika"
T20260704-3C445,"Cuci Kering, Setrika, Sprei"
T20260704-32621,Setrika
T20260704-5BAA2,"Cuci Kering, Setrika"
T20260704-1C1E6,"Cuci Kering, Setrika, Sprei"
T20260704-09B34,"Karpet, Sprei"
T20260704-8EE4B,Cuci Lipat
T20260704-3262A,"Cuci Kering, Setrika"
T20260704-BF9BB,"Cuci Kering, Setrika"
T20260704-2889E,Setrika
T20260704-21A43,"Cuci Kering, Setrika"
T20260704-A65B3,Cuci Lipat
T20260704-C0405,Setrika
T20260704-2504E,Setrika
T20260704-7A7CC,"Karpet, Selimut"
T20260704-C1EF8,"Cuci Kering, Setrika"
T20260704-0ED5D,"Selimut, Sprei"
T20260704-CCFC2,"Bed Cover, Cuci Kering, Setrika, Sprei"
T20260704-4E009,"Bed Cover, Cuci Kering, Setrika"
T20260704-61C52,"Cuci Kering, Setrika"
T20260704-44EFA,"Cuci Kering, Setrika"
T20260704-D0AF3,"Cuci Kering, Setrika"
T20260704-999DF,Cuci Lipat
T20260704-39C4F,"Cuci Kering, Setrika"
T20260704-9CA5E,"Cuci Kering, Setrika"
T20260704-552C0,"Cuci Kering, Setrika"
T20260704-DF624,"Selimut, Sprei"
T20260704-A1B6C,Sprei
T20260704-239C8,"Cuci Kering, Setrika"
T20260704-DBF0A,Setrika
T20260704-AACA5,"Cuci Kering, Setrika"
T20260704-E5424,"Cuci Kering, Setrika"
T20260704-BFE9B,"Cuci Kering, Setrika"
T20260704-F5AAF,Setrika
T20260704-8C534,Bed Cover
T20260704-C955A,"Cuci Kering, Setrika"
T20260704-1DAD7,"Cuci Kering, Setrika, Selimut"
T20260704-50376,"Cuci Kering, Setrika"
T20260704-FDBD5,Bed Cover
T20260704-77356,Cuci Lipat
T20260704-E46C1,"Cuci Kering, Setrika"
T20260704-D241F,Karpet
T20260704-2D328,Cuci Lipat
T20260704-03B67,Setrika
T20260704-A37DD,"Cuci Kering, Setrika"
T20260704-A12A3,Cuci Lipat
T20260704-81C3A,"Cuci Kering, Setrika"
T20260704-5764D,"Cuci Kering, Setrika"
T20260704-BD257,"Cuci Kering, Setrika"
T20260704-200CD,"Boneka, Cuci Lipat"
T20260704-C7ED4,"Cuci Kering, Setrika"
T20260704-5298E,"Cuci Kering, Setrika"
T20260704-38203,Setrika
T20260704-31157,"Cuci Kering, Setrika"
T20260704-59168,"Selimut, Sprei"
T20260704-A6BD7,"Cuci Kering, Setrika"
T20260704-C7C05,Karpet
T20260704-4478F,Bed Cover
T20260704-3D3C7,Setrika
T20260704-0447D,"Cuci Kering, Setrika"
T20260704-8AE52,"Cuci Kering, Setrika"
T20260704-0ABC6,"Cuci Kering, Setrika"
T20260704-3A3B3,Setrika
T20260704-EB251,"Cuci Kering, Setrika, Karpet"
T20260704-FA61D,Sepatu
T20260704-F2289,Setrika
T20260704-0066D,"Cuci Kering, Setrika"
T20260704-A19D4,"Cuci Kering, Setrika"
T20260704-3FA5A,"Cuci Kering, Setrika"
T20260704-F18E1,"Cuci Kering, Setrika"
T20260704-2866E,Karpet
T20260704-93EFE,Setrika
T20260704-B4B68,Cuci Lipat
T20260704-84B9D,Setrika
T20260704-8285D,"Cuci Kering, Setrika, Sepatu"
T20260704-A52A6,Cuci Lipat
T20260704-9ED1B,Setrika
T20260704-293E6,Setrika
T20260704-4BE60,"Cuci Kering, Setrika"
T20260704-C7FB3,"Cuci Kering, Setrika"
T20260704-4D429,"Karpet, Setrika"
T20260704-1C71B,"Cuci Kering, Setrika"
T20260704-3A4FA,Cuci Lipat
T20260704-8C83D,Setrika
T20260704-A6430,"Cuci Kering, Setrika"
T20260704-95C33,"Cuci Kering, Setrika"
T20260704-F387D,"Cuci Kering, Setrika"
T20260704-2E6AF,Gordyn
T20260704-D3F6A,Setrika
T20260704-3ACB1,"Bed Cover, Cuci Kering, Setrika, Sprei"
T20260704-71649,"Cuci Kering, Setrika"
T20260704-14B17,Karpet
T20260704-33D35,"Cuci Kering, Setrika"
T20260704-14B56,Cuci Lipat
T20260704-080E1,Bed Cover
T20260704-A30BF,Setrika
T20260704-E3086,"Cuci Kering, Setrika"
T20260704-E0EA2,"Cuci Kering, Setrika"
T20260704-4020A,Setrika
T20260704-B2C2A,"Bed Cover, Sprei"
T20260704-42B73,"Cuci Kering, Setrika"
T20260704-3115D,Cuci Lipat
T20260704-7AA05,"Bantal & Guling, Cuci Lipat"
T20260704-075A1,Karpet
T20260704-970EC,"Cuci Kering, Setrika"
T20260704-70F2E,"Gordyn, Karpet"
T20260704-60F10,"Cuci Kering, Setrika"
T20260704-99863,Cuci Lipat
T20260704-749C5,"Cuci Kering, Setrika"
T20260704-9276B,"Cuci Kering, Setrika"
T20260704-7743F,"Cuci Kering, Setrika"
T20260704-A12A3,"Cuci Kering, Setrika, Sprei"
T20260704-07630,Bed Cover
T20260704-D344A,Setrika
T20260704-C42DE,Setrika
T20260704-DD669,"Bed Cover, Sprei"
T20260704-5F8C7,Gordyn
T20260704-C8883,Setrika
T20260704-64572,"Cuci Kering, Setrika"
T20260704-B7F84,"Cuci Kering, Setrika"
T20260704-D7C4E,"Cuci Kering, Setrika"
T20260704-A098F,Setrika
T20260704-0D77A,Setrika
T20260704-8769D,"Cuci Kering, Setrika"
T20260704-59939,"Cuci Kering, Setrika"
T20260704-5409E,Karpet
T20260704-F8110,"Cuci Lipat, Sprei"
T20260704-61D96,"Cuci Kering, Setrika"
T20260704-BC434,Karpet
T20260704-52069,Setrika
T20260704-6398D,Cuci Lipat
T20260704-A8558,Karpet
T20260704-BB2AB,Karpet
T20260704-0E1F9,"Cuci Kering, Setrika"
T20260704-ED04D,"Cuci Kering, Setrika"
T20260704-B111E,Sprei
T20260704-0868F,Setrika
T20260704-B7E8B,"Cuci Kering, Setrika"
T20260704-3BEB5,Cuci Lipat
T20260704-BCF74,"Cuci Kering, Setrika"
T20260704-D1666,"Cuci Kering, Setrika"
T20260704-4F0A8,"Cuci Kering, Setrika"
T20260704-1EA99,"Cuci Kering, Setrika"
T20260704-B34F6,Cuci Lipat
T20260704-A2ACF,"Cuci Kering, Setrika"
T20260704-38A9E,"Cuci Kering, Setrika"